{
  "script-new.min.js": 1775743961.3915129,
  "calculation-worker.js": 1775555382.2478933,
  "script-new.js": 1775808759.9322655,
  "tools/fetch-variant-ids.js": 1775639135.1873348,
  "api/pdf-export.js": 1775553053.8113005,
  "AGENT_DEVELOPMENT_GUIDE.md": 1775723254.1428335,
  "AGENT_PROMPT_TEMPLATE.md": 1756126995.782816,
  "PLACEHOLDER_EXAMPLES.md": 1754634655.652968,
  "SOLAR_TOOL_DOCUMENTATION.md": 1775723831.925647,
  "README.md": 1775723201.88877,
  "ARCHITECTURE_GUIDELINES.md": 1754634627.5894608,
  "SMART_CONFIG_EXAMPLES.md": 1760333760.3989797,
  "docs/SHOPIFY_SETUP_ANLEITUNG.md": 1775723177.9870021,
  "docs/THEME_BRIDGE.md": 1775727031.2906396,
  "docs/STOREFRONT_SETUP.md": 1775723153.0072722,
  "solar-modul.jpeg": 1775553913.6334574
}